id_normativa,titulo,descripcion,codigo,organismo_emisor,anio,tipo_norma,estado,acceso,alcance,campo_aplicacion,clasificacion,obligatoriedad,archivo_nombre,archivo_url,enlace_externo,id_usuario_creador,id_usuario_editor,fecha_creacion,fecha_actualizacion,eliminado_en
2,"Reglamento técnico sobre responsabilidad extendida del productor","Reglamento técnico aplicable a cadenas REP en envases y embalajes.",REG-REP-009,"Ministerio de Producción",2025,REGLAMENTO,PUBLICADA,GRATIS,NACIONAL,"Fabricantes e importadores de envases",PRIORIDAD_MEDIA,"Legal Vinculante",1779122195474_reglamento_responsabilidad_extendida_productor_2025.pdf,normativas/1779122195474_reglamento_responsabilidad_extendida_productor_2025.pdf,https://mma.gob.cl/ministerio-del-medio-ambiente-inicia-proceso-de-consulta-publica-del-anteproyecto-del-reglamento-de-la-ley-de-plasticos-de-un-solo-uso/,3,3,"2026-03-30 10:00:00","2026-05-18 11:36:36",NULL
4,"Hoja de ruta para infraestructura de valorización regional","Documento programático para orientar infraestructura y logística de valorización.",HDR-VAL-2026,"Gobierno Regional de Lima",2026,HOJA_DE_RUTA,CONSULTA_PUBLICA,GRATIS,NACIONAL,"Infraestructura regional y planificación",PLANEAMIENTO,"No Vinculante",1779122250786_hoja_ruta_infraestructura_valorizacion_regional_2026.pdf,normativas/1779122250786_hoja_ruta_infraestructura_valorizacion_regional_2026.pdf,https://eur-lex.europa.eu/legal-content/EN/TXT/?uri=COM%3A2020%3A98%3AFIN,3,2,"2026-04-02 13:15:00","2026-05-18 11:37:31",NULL
5,"Anteproyecto de decreto sobre trazabilidad digital de residuos","Anteproyecto para discutir lineamientos de interoperabilidad y trazabilidad.",ANT-TRAZ-01,"Ministerio del Ambiente",2026,ANTEPROYECTO,BORRADOR_EN_PROCESO,GRATIS,NACIONAL,"Plataformas digitales y reportabilidad",INNOVACION_NORMATIVA,"No Vinculante",1779122300103_anteproyecto_trazabilidad_digital_residuos_2026.pdf,normativas/1779122300103_anteproyecto_trazabilidad_digital_residuos_2026.pdf,https://sinia.minam.gob.pe/normas,2,2,"2026-04-04 10:20:00","2026-05-18 11:38:20",NULL
6,"Decreto sobre eficiencia energética industrial","Norma para optimización del consumo energético en plantas industriales.",DS-EE-2025,"Ministerio de Energía y Minas",2025,DECRETO_SUPREMO,VIGENTE,GRATIS,NACIONAL,"Industria manufacturera",OBLIGATORIA,"Legal Vinculante",1779122335210_decreto_eficiencia_energetica_industrial_2025.pdf,normativas/1779122335210_decreto_eficiencia_energetica_industrial_2025.pdf,https://www.gob.pe/institucion/minem/normas-legales/395164-004-2016-em,2,2,"2026-04-05 10:00:00","2026-05-18 11:38:55",NULL
7,"Guía internacional de simbiosis industrial","Guía internacional para proyectos de simbiosis industrial y reutilización de subproductos.",GUIA-SI-2024,"UN Circular Program",2024,OTRO,VIGENTE,PAGO,INTERNACIONAL,"Parques industriales",REFERENCIA_TECNICA,"No Vinculante",NULL,NULL,https://link.springer.com/article/10.1111/jiec.13478,3,NULL,"2026-04-05 11:00:00","2026-05-18 11:39:31",NULL
8,"Reglamento para valorización de RAEE","Reglamento nacional para la gestión y valorización de residuos de aparatos eléctricos y electrónicos.",RAEE-2025,"Ministerio del Ambiente",2025,OTRO,VIGENTE,GRATIS,NACIONAL,"RAEE y logística inversa",PRIORIDAD_ALTA,"Legal Vinculante",1779122427391_reglamento_valorizacion_raee_2025.pdf,normativas/1779122427391_reglamento_valorizacion_raee_2025.pdf,https://www.gob.pe/institucion/minam/informes-publicaciones/1503643-regimen-especial-de-gestion-y-manejo-de-residuos-de-aparatos-electricos-y-electronicos,2,3,"2026-04-06 08:00:00","2026-05-18 11:40:27",NULL
9,"Ley comparada sobre envases reutilizables","Compendio internacional de regulaciones sobre envases reutilizables.",CMP-ENV-2024,"European Circular Board",2024,DECRETO_SUPREMO,PUBLICADA,PAGO,INTERNACIONAL,"Envases y embalajes",COMPLEMENTARIA,"No Vinculante",NULL,NULL,https://www.oecd-ilibrary.org/en/topics/resource-efficiency-and-circular-economy.html,2,NULL,"2026-04-06 09:00:00","2026-05-18 11:41:26",NULL
10,"Lineamientos para compras públicas circulares","Documento para integrar criterios de circularidad en procesos de contratación pública.",LCP-2026,OSCE,2026,LEY_NACIONAL,CONSULTA_PUBLICA,GRATIS,NACIONAL,"Contratación pública sostenible",PLANEAMIENTO,"No Vinculante",1779122523625_lineamientos_compras_publicas_circulares_2026.pdf,normativas/1779122523625_lineamientos_compras_publicas_circulares_2026.pdf,https://www.elperuano.pe/noticia/286783-nuevas-reglas-del-oece-revisa-los-lineamientos-obligatorios-para-compradores-publicos,3,2,"2026-04-07 10:00:00","2026-05-18 11:42:04",NULL
14,"Norma técnica internacional sobre circularidad de envases reutilizables","Define criterios técnicos para evaluar reutilización, recuperación, trazabilidad y desempeño circular de envases en cadenas comerciales.
",ISO-CIRC-ENV-2026,"Ministerio de Producción",2026,LEY_NACIONAL,VIGENTE,PAGO,NACIONAL,NULL,NULL,"Legal Vinculante",NULL,NULL,https://www.iso.org/store.html,3,NULL,"2026-05-18 13:21:10","2026-05-18 13:21:10",NULL
